{
  "C:\\Users\\axelg\\meet\\auth-server\\serverless.yml": {
    "versionFramework": "4.14.3",
    "servicePath": "C:\\Users\\axelg\\meet\\auth-server\\serverless.yml",
    "serviceConfigFileName": "serverless.yml",
    "service": {
      "service": "auth-server",
      "provider": {
        "name": "aws",
        "runtime": "nodejs18.x",
        "region": "eu-central-1",
        "timeout": 30,
        "environment": {
          "CLIENT_ID": "389749160256-fhk5uhqigmgj3s5fss0jc4mc4vqkle3n.apps.googleusercontent.com",
          "CLIENT_SECRET": "<REDACTED>",
          "CALENDAR_ID": "fullstackwebdev@careerfoundry.com",
          "IS_LOCAL": "true"
        },
        "stage": "dev",
        "versionFunctions": true
      },
      "functions": {
        "getAuthURL": {
          "handler": "handler.getAuthURL",
          "events": [
            {
              "http": {
                "path": "api/get-auth-url",
                "method": "get"
              }
            }
          ],
          "name": "auth-server-dev-getAuthURL"
        },
        "getAccessToken": "<REDACTED>",
        "getCalendarEvents": {
          "handler": "handler.getCalendarEvents",
          "events": [
            {
              "http": {
                "path": "api/get-events/{access_token}",
                "method": "get"
              }
            }
          ],
          "name": "auth-server-dev-getCalendarEvents"
        }
      }
    },
    "provider": {
      "name": "aws",
      "runtime": "nodejs18.x",
      "region": "eu-central-1",
      "timeout": 30,
      "environment": {
        "CLIENT_ID": "389749160256-fhk5uhqigmgj3s5fss0jc4mc4vqkle3n.apps.googleusercontent.com",
        "CLIENT_SECRET": "<REDACTED>",
        "CALENDAR_ID": "fullstackwebdev@careerfoundry.com",
        "IS_LOCAL": "true"
      },
      "stage": "dev",
      "versionFunctions": true
    },
    "dashboard": {
      "isEnabledForService": false,
      "requiredAuthentication": false,
      "orgFeaturesInUse": null,
      "orgObservabilityIntegrations": null,
      "serviceAppId": null,
      "serviceProvider": null,
      "instanceParameters": null
    },
    "serviceRawFile": "service: auth-server\r\n\r\nprovider:\r\n  name: aws\r\n  runtime: nodejs18.x\r\n  region: eu-central-1\r\n  timeout: 30\r\n  environment:\r\n    CLIENT_ID: ${file(config.json):CLIENT_ID}\r\n    CLIENT_SECRET: ${file(config.json):CLIENT_SECRET}\r\n    CALENDAR_ID: ${file(config.json):CALENDAR_ID}\r\nfunctions:\r\n  getAuthURL:\r\n    handler: handler.getAuthURL\r\n    events:\r\n      - http:\r\n          path: api/get-auth-url\r\n          method: get\r\n  getAccessToken:\r\n    handler: handler.getAccessToken\r\n    events:\r\n      - http:\r\n          path: api/token/{code}\r\n          method: get\r\n  getCalendarEvents:\r\n    handler: handler.getCalendarEvents\r\n    events:\r\n      - http:\r\n          path: api/get-events/{access_token}\r\n          method: get",
    "command": [
      "invoke",
      "local"
    ],
    "options": {
      "function": "getAuthURL"
    },
    "orgId": "4e25c3a6-b5f3-4f80-b90c-59c7e3945e55",
    "orgName": "axelg",
    "userId": "g3RqNpdVR8YQCLxgfW",
    "userName": "axelg",
    "serviceProviderAwsAccountId": "599942835789",
    "serviceProviderAwsCfStackName": "auth-server-dev",
    "serviceProviderAwsCfStackId": "arn:aws:cloudformation:eu-central-1:599942835789:stack/auth-server-dev/bbb5d0f0-3005-11f0-bbf2-0601c0d82731",
    "serviceProviderAwsCfStackCreated": "2025-05-13T14:22:43.465Z",
    "serviceProviderAwsCfStackUpdated": "2025-05-13T15:36:15.960Z",
    "serviceProviderAwsCfStackStatus": "UPDATE_COMPLETE",
    "serviceProviderAwsCfStackOutputs": [
      {
        "OutputKey": "GetAccessTokenLambdaFunctionQualifiedArn",
        "OutputValue": "arn:aws:lambda:eu-central-1:599942835789:function:auth-server-dev-getAccessToken:3",
        "Description": "Current Lambda function version",
        "ExportName": "sls-auth-server-dev-GetAccessTokenLambdaFunctionQualifiedArn"
      },
      {
        "OutputKey": "GetAuthURLLambdaFunctionQualifiedArn",
        "OutputValue": "arn:aws:lambda:eu-central-1:599942835789:function:auth-server-dev-getAuthURL:4",
        "Description": "Current Lambda function version",
        "ExportName": "sls-auth-server-dev-GetAuthURLLambdaFunctionQualifiedArn"
      },
      {
        "OutputKey": "GetCalendarEventsLambdaFunctionQualifiedArn",
        "OutputValue": "arn:aws:lambda:eu-central-1:599942835789:function:auth-server-dev-getCalendarEvents:2",
        "Description": "Current Lambda function version",
        "ExportName": "sls-auth-server-dev-GetCalendarEventsLambdaFunctionQualifiedArn"
      },
      {
        "OutputKey": "ServiceEndpoint",
        "OutputValue": "https://ufqisvsh16.execute-api.eu-central-1.amazonaws.com/dev",
        "Description": "URL of the service endpoint",
        "ExportName": "sls-auth-server-dev-ServiceEndpoint"
      },
      {
        "OutputKey": "ServerlessDeploymentBucketName",
        "OutputValue": "serverless-framework-deployments-eu-central-1-e074c2a8-4128",
        "ExportName": "sls-auth-server-dev-ServerlessDeploymentBucketName"
      }
    ]
  }
}