{
  "C:\\Users\\axelg\\meet\\auth-server\\serverless.yml": {
    "versionFramework": "4.14.3",
    "servicePath": "C:\\Users\\axelg\\meet\\auth-server\\serverless.yml",
    "serviceConfigFileName": "serverless.yml",
    "service": {
      "service": "auth-server",
      "provider": {
        "name": "aws",
        "runtime": "nodejs18.x",
        "region": "eu-central-1",
        "timeout": 30,
        "environment": {
          "CLIENT_ID": "389749160256-fhk5uhqigmgj3s5fss0jc4mc4vqkle3n.apps.googleusercontent.com",
          "CLIENT_SECRET": "<REDACTED>",
          "CALENDAR_ID": "fullstackwebdev@careerfoundry.com"
        },
        "stage": "dev",
        "versionFunctions": true,
        "compiledCloudFormationTemplate": {
          "AWSTemplateFormatVersion": "2010-09-09",
          "Description": "The AWS CloudFormation template for this Serverless application",
          "Resources": {
            "GetAuthURLLogGroup": {
              "Type": "AWS::Logs::LogGroup",
              "Properties": {
                "LogGroupName": "/aws/lambda/auth-server-dev-getAuthURL"
              }
            },
            "GetAccessTokenLogGroup": "<REDACTED>",
            "GetCalendarEventsLogGroup": {
              "Type": "AWS::Logs::LogGroup",
              "Properties": {
                "LogGroupName": "/aws/lambda/auth-server-dev-getCalendarEvents"
              }
            },
            "IamRoleLambdaExecution": {
              "Type": "AWS::IAM::Role",
              "Properties": {
                "AssumeRolePolicyDocument": {
                  "Version": "2012-10-17",
                  "Statement": [
                    {
                      "Effect": "Allow",
                      "Principal": {
                        "Service": [
                          "lambda.amazonaws.com"
                        ]
                      },
                      "Action": [
                        "sts:AssumeRole"
                      ]
                    }
                  ]
                },
                "Policies": [
                  {
                    "PolicyName": {
                      "Fn::Join": [
                        "-",
                        [
                          "auth-server",
                          "dev",
                          "lambda"
                        ]
                      ]
                    },
                    "PolicyDocument": {
                      "Version": "2012-10-17",
                      "Statement": [
                        {
                          "Effect": "Allow",
                          "Action": [
                            "logs:CreateLogStream",
                            "logs:CreateLogGroup",
                            "logs:TagResource"
                          ],
                          "Resource": [
                            {
                              "Fn::Sub": "arn:${AWS::Partition}:logs:${AWS::Region}:${AWS::AccountId}:log-group:/aws/lambda/auth-server-dev*:*"
                            }
                          ]
                        },
                        {
                          "Effect": "Allow",
                          "Action": [
                            "logs:PutLogEvents"
                          ],
                          "Resource": [
                            {
                              "Fn::Sub": "arn:${AWS::Partition}:logs:${AWS::Region}:${AWS::AccountId}:log-group:/aws/lambda/auth-server-dev*:*:*"
                            }
                          ]
                        }
                      ]
                    }
                  }
                ],
                "Path": "/",
                "RoleName": {
                  "Fn::Join": [
                    "-",
                    [
                      "auth-server",
                      "dev",
                      {
                        "Ref": "AWS::Region"
                      },
                      "lambdaRole"
                    ]
                  ]
                }
              }
            },
            "GetAuthURLLambdaFunction": {
              "Type": "AWS::Lambda::Function",
              "Properties": {
                "Code": {
                  "S3Bucket": "serverless-framework-deployments-eu-central-1-e074c2a8-4128",
                  "S3Key": "serverless/auth-server/dev/1747150566680-2025-05-13T15:36:06.680Z/auth-server.zip"
                },
                "Handler": "handler.getAuthURL",
                "Runtime": "nodejs18.x",
                "FunctionName": "auth-server-dev-getAuthURL",
                "MemorySize": 1024,
                "Timeout": 30,
                "Environment": {
                  "Variables": {
                    "CLIENT_ID": "389749160256-fhk5uhqigmgj3s5fss0jc4mc4vqkle3n.apps.googleusercontent.com",
                    "CLIENT_SECRET": "<REDACTED>",
                    "CALENDAR_ID": "fullstackwebdev@careerfoundry.com"
                  }
                },
                "Role": {
                  "Fn::GetAtt": [
                    "IamRoleLambdaExecution",
                    "Arn"
                  ]
                }
              },
              "DependsOn": [
                "GetAuthURLLogGroup"
              ]
            },
            "GetAccessTokenLambdaFunction": "<REDACTED>",
            "GetCalendarEventsLambdaFunction": {
              "Type": "AWS::Lambda::Function",
              "Properties": {
                "Code": {
                  "S3Bucket": "serverless-framework-deployments-eu-central-1-e074c2a8-4128",
                  "S3Key": "serverless/auth-server/dev/1747150566680-2025-05-13T15:36:06.680Z/auth-server.zip"
                },
                "Handler": "handler.getCalendarEvents",
                "Runtime": "nodejs18.x",
                "FunctionName": "auth-server-dev-getCalendarEvents",
                "MemorySize": 1024,
                "Timeout": 30,
                "Environment": {
                  "Variables": {
                    "CLIENT_ID": "389749160256-fhk5uhqigmgj3s5fss0jc4mc4vqkle3n.apps.googleusercontent.com",
                    "CLIENT_SECRET": "<REDACTED>",
                    "CALENDAR_ID": "fullstackwebdev@careerfoundry.com"
                  }
                },
                "Role": {
                  "Fn::GetAtt": [
                    "IamRoleLambdaExecution",
                    "Arn"
                  ]
                }
              },
              "DependsOn": [
                "GetCalendarEventsLogGroup"
              ]
            },
            "GetAuthURLLambdaVersionKCk0KlxZiAxtt7164tZEzTzMRM0r6qEsPMw1Cw2nM": {
              "Type": "AWS::Lambda::Version",
              "DeletionPolicy": "Retain",
              "Properties": {
                "FunctionName": {
                  "Ref": "GetAuthURLLambdaFunction"
                },
                "CodeSha256": "gp5QWp+EfBybjRB62QHpkGab5G3pahL49NdLH9DUKc8="
              }
            },
            "GetAccessTokenLambdaVersionSvBR56sdiDTxLg8CrVYatLJw8g3MXT8IjiWUxZjQyFA": "<REDACTED>",
            "GetCalendarEventsLambdaVersionRHRegOED7FfMSjRzdP7QGlBdK9BCb3kc7tDjl3lZjs": {
              "Type": "AWS::Lambda::Version",
              "DeletionPolicy": "Retain",
              "Properties": {
                "FunctionName": {
                  "Ref": "GetCalendarEventsLambdaFunction"
                },
                "CodeSha256": "gp5QWp+EfBybjRB62QHpkGab5G3pahL49NdLH9DUKc8="
              }
            },
            "ApiGatewayRestApi": {
              "Type": "AWS::ApiGateway::RestApi",
              "Properties": {
                "Name": "dev-auth-server",
                "EndpointConfiguration": {
                  "Types": [
                    "EDGE"
                  ]
                },
                "Policy": ""
              }
            },
            "ApiGatewayResourceApi": {
              "Type": "AWS::ApiGateway::Resource",
              "Properties": {
                "ParentId": {
                  "Fn::GetAtt": [
                    "ApiGatewayRestApi",
                    "RootResourceId"
                  ]
                },
                "PathPart": "api",
                "RestApiId": {
                  "Ref": "ApiGatewayRestApi"
                }
              }
            },
            "ApiGatewayResourceApiGetDashauthDashurl": {
              "Type": "AWS::ApiGateway::Resource",
              "Properties": {
                "ParentId": {
                  "Ref": "ApiGatewayResourceApi"
                },
                "PathPart": "get-auth-url",
                "RestApiId": {
                  "Ref": "ApiGatewayRestApi"
                }
              }
            },
            "ApiGatewayResourceApiToken": "<REDACTED>",
            "ApiGatewayResourceApiTokenCodeVar": "<REDACTED>",
            "ApiGatewayResourceApiGetDashevents": {
              "Type": "AWS::ApiGateway::Resource",
              "Properties": {
                "ParentId": {
                  "Ref": "ApiGatewayResourceApi"
                },
                "PathPart": "get-events",
                "RestApiId": {
                  "Ref": "ApiGatewayRestApi"
                }
              }
            },
            "ApiGatewayResourceApiGetDasheventsAccesstokenVar": "<REDACTED>",
            "ApiGatewayMethodApiGetDashauthDashurlGet": {
              "Type": "AWS::ApiGateway::Method",
              "Properties": {
                "HttpMethod": "GET",
                "RequestParameters": {},
                "ResourceId": {
                  "Ref": "ApiGatewayResourceApiGetDashauthDashurl"
                },
                "RestApiId": {
                  "Ref": "ApiGatewayRestApi"
                },
                "ApiKeyRequired": "<REDACTED>",
                "AuthorizationType": "NONE",
                "Integration": {
                  "IntegrationHttpMethod": "POST",
                  "Type": "AWS_PROXY",
                  "Uri": {
                    "Fn::Join": [
                      "",
                      [
                        "arn:",
                        {
                          "Ref": "AWS::Partition"
                        },
                        ":apigateway:",
                        {
                          "Ref": "AWS::Region"
                        },
                        ":lambda:path/2015-03-31/functions/",
                        {
                          "Fn::GetAtt": [
                            "GetAuthURLLambdaFunction",
                            "Arn"
                          ]
                        },
                        "/invocations"
                      ]
                    ]
                  }
                },
                "MethodResponses": []
              },
              "DependsOn": [
                "GetAuthURLLambdaPermissionApiGateway"
              ]
            },
            "ApiGatewayMethodApiTokenCodeVarGet": "<REDACTED>",
            "ApiGatewayMethodApiGetDasheventsAccesstokenVarGet": "<REDACTED>",
            "ApiGatewayDeployment1747150557249": {
              "Type": "AWS::ApiGateway::Deployment",
              "Properties": {
                "RestApiId": {
                  "Ref": "ApiGatewayRestApi"
                },
                "StageName": "dev"
              },
              "DependsOn": [
                "ApiGatewayMethodApiGetDashauthDashurlGet",
                "ApiGatewayMethodApiTokenCodeVarGet",
                "ApiGatewayMethodApiGetDasheventsAccesstokenVarGet"
              ]
            },
            "GetAuthURLLambdaPermissionApiGateway": {
              "Type": "AWS::Lambda::Permission",
              "Properties": {
                "FunctionName": {
                  "Fn::GetAtt": [
                    "GetAuthURLLambdaFunction",
                    "Arn"
                  ]
                },
                "Action": "lambda:InvokeFunction",
                "Principal": "apigateway.amazonaws.com",
                "SourceArn": {
                  "Fn::Join": [
                    "",
                    [
                      "arn:",
                      {
                        "Ref": "AWS::Partition"
                      },
                      ":execute-api:",
                      {
                        "Ref": "AWS::Region"
                      },
                      ":",
                      {
                        "Ref": "AWS::AccountId"
                      },
                      ":",
                      {
                        "Ref": "ApiGatewayRestApi"
                      },
                      "/*/*"
                    ]
                  ]
                }
              }
            },
            "GetAccessTokenLambdaPermissionApiGateway": "<REDACTED>",
            "GetCalendarEventsLambdaPermissionApiGateway": {
              "Type": "AWS::Lambda::Permission",
              "Properties": {
                "FunctionName": {
                  "Fn::GetAtt": [
                    "GetCalendarEventsLambdaFunction",
                    "Arn"
                  ]
                },
                "Action": "lambda:InvokeFunction",
                "Principal": "apigateway.amazonaws.com",
                "SourceArn": {
                  "Fn::Join": [
                    "",
                    [
                      "arn:",
                      {
                        "Ref": "AWS::Partition"
                      },
                      ":execute-api:",
                      {
                        "Ref": "AWS::Region"
                      },
                      ":",
                      {
                        "Ref": "AWS::AccountId"
                      },
                      ":",
                      {
                        "Ref": "ApiGatewayRestApi"
                      },
                      "/*/*"
                    ]
                  ]
                }
              }
            }
          },
          "Outputs": {
            "ServerlessDeploymentBucketName": {
              "Value": "serverless-framework-deployments-eu-central-1-e074c2a8-4128",
              "Export": {
                "Name": "sls-auth-server-dev-ServerlessDeploymentBucketName"
              }
            },
            "GetAuthURLLambdaFunctionQualifiedArn": {
              "Description": "Current Lambda function version",
              "Value": {
                "Ref": "GetAuthURLLambdaVersionKCk0KlxZiAxtt7164tZEzTzMRM0r6qEsPMw1Cw2nM"
              },
              "Export": {
                "Name": "sls-auth-server-dev-GetAuthURLLambdaFunctionQualifiedArn"
              }
            },
            "GetAccessTokenLambdaFunctionQualifiedArn": "<REDACTED>",
            "GetCalendarEventsLambdaFunctionQualifiedArn": {
              "Description": "Current Lambda function version",
              "Value": {
                "Ref": "GetCalendarEventsLambdaVersionRHRegOED7FfMSjRzdP7QGlBdK9BCb3kc7tDjl3lZjs"
              },
              "Export": {
                "Name": "sls-auth-server-dev-GetCalendarEventsLambdaFunctionQualifiedArn"
              }
            },
            "ServiceEndpoint": {
              "Description": "URL of the service endpoint",
              "Value": {
                "Fn::Join": [
                  "",
                  [
                    "https://",
                    {
                      "Ref": "ApiGatewayRestApi"
                    },
                    ".execute-api.",
                    {
                      "Ref": "AWS::Region"
                    },
                    ".",
                    {
                      "Ref": "AWS::URLSuffix"
                    },
                    "/dev"
                  ]
                ]
              },
              "Export": {
                "Name": "sls-auth-server-dev-ServiceEndpoint"
              }
            }
          }
        },
        "vpc": {}
      },
      "functions": {
        "getAuthURL": {
          "handler": "handler.getAuthURL",
          "events": [
            {
              "http": {
                "path": "api/get-auth-url",
                "method": "get",
                "integration": "AWS_PROXY"
              }
            }
          ],
          "name": "auth-server-dev-getAuthURL",
          "package": {},
          "memory": 1024,
          "timeout": 30,
          "runtime": "nodejs18.x",
          "vpc": {},
          "versionLogicalId": "GetAuthURLLambdaVersionKCk0KlxZiAxtt7164tZEzTzMRM0r6qEsPMw1Cw2nM"
        },
        "getAccessToken": "<REDACTED>",
        "getCalendarEvents": {
          "handler": "handler.getCalendarEvents",
          "events": [
            {
              "http": {
                "path": "api/get-events/{access_token}",
                "method": "get",
                "integration": "AWS_PROXY"
              }
            }
          ],
          "name": "auth-server-dev-getCalendarEvents",
          "package": {},
          "memory": 1024,
          "timeout": 30,
          "runtime": "nodejs18.x",
          "vpc": {},
          "versionLogicalId": "GetCalendarEventsLambdaVersionRHRegOED7FfMSjRzdP7QGlBdK9BCb3kc7tDjl3lZjs"
        }
      }
    },
    "provider": {
      "name": "aws",
      "runtime": "nodejs18.x",
      "region": "eu-central-1",
      "timeout": 30,
      "environment": {
        "CLIENT_ID": "389749160256-fhk5uhqigmgj3s5fss0jc4mc4vqkle3n.apps.googleusercontent.com",
        "CLIENT_SECRET": "<REDACTED>",
        "CALENDAR_ID": "fullstackwebdev@careerfoundry.com"
      },
      "stage": "dev",
      "versionFunctions": true,
      "compiledCloudFormationTemplate": {
        "AWSTemplateFormatVersion": "2010-09-09",
        "Description": "The AWS CloudFormation template for this Serverless application",
        "Resources": {
          "GetAuthURLLogGroup": {
            "Type": "AWS::Logs::LogGroup",
            "Properties": {
              "LogGroupName": "/aws/lambda/auth-server-dev-getAuthURL"
            }
          },
          "GetAccessTokenLogGroup": "<REDACTED>",
          "GetCalendarEventsLogGroup": {
            "Type": "AWS::Logs::LogGroup",
            "Properties": {
              "LogGroupName": "/aws/lambda/auth-server-dev-getCalendarEvents"
            }
          },
          "IamRoleLambdaExecution": {
            "Type": "AWS::IAM::Role",
            "Properties": {
              "AssumeRolePolicyDocument": {
                "Version": "2012-10-17",
                "Statement": [
                  {
                    "Effect": "Allow",
                    "Principal": {
                      "Service": [
                        "lambda.amazonaws.com"
                      ]
                    },
                    "Action": [
                      "sts:AssumeRole"
                    ]
                  }
                ]
              },
              "Policies": [
                {
                  "PolicyName": {
                    "Fn::Join": [
                      "-",
                      [
                        "auth-server",
                        "dev",
                        "lambda"
                      ]
                    ]
                  },
                  "PolicyDocument": {
                    "Version": "2012-10-17",
                    "Statement": [
                      {
                        "Effect": "Allow",
                        "Action": [
                          "logs:CreateLogStream",
                          "logs:CreateLogGroup",
                          "logs:TagResource"
                        ],
                        "Resource": [
                          {
                            "Fn::Sub": "arn:${AWS::Partition}:logs:${AWS::Region}:${AWS::AccountId}:log-group:/aws/lambda/auth-server-dev*:*"
                          }
                        ]
                      },
                      {
                        "Effect": "Allow",
                        "Action": [
                          "logs:PutLogEvents"
                        ],
                        "Resource": [
                          {
                            "Fn::Sub": "arn:${AWS::Partition}:logs:${AWS::Region}:${AWS::AccountId}:log-group:/aws/lambda/auth-server-dev*:*:*"
                          }
                        ]
                      }
                    ]
                  }
                }
              ],
              "Path": "/",
              "RoleName": {
                "Fn::Join": [
                  "-",
                  [
                    "auth-server",
                    "dev",
                    {
                      "Ref": "AWS::Region"
                    },
                    "lambdaRole"
                  ]
                ]
              }
            }
          },
          "GetAuthURLLambdaFunction": {
            "Type": "AWS::Lambda::Function",
            "Properties": {
              "Code": {
                "S3Bucket": "serverless-framework-deployments-eu-central-1-e074c2a8-4128",
                "S3Key": "serverless/auth-server/dev/1747150566680-2025-05-13T15:36:06.680Z/auth-server.zip"
              },
              "Handler": "handler.getAuthURL",
              "Runtime": "nodejs18.x",
              "FunctionName": "auth-server-dev-getAuthURL",
              "MemorySize": 1024,
              "Timeout": 30,
              "Environment": {
                "Variables": {
                  "CLIENT_ID": "389749160256-fhk5uhqigmgj3s5fss0jc4mc4vqkle3n.apps.googleusercontent.com",
                  "CLIENT_SECRET": "<REDACTED>",
                  "CALENDAR_ID": "fullstackwebdev@careerfoundry.com"
                }
              },
              "Role": {
                "Fn::GetAtt": [
                  "IamRoleLambdaExecution",
                  "Arn"
                ]
              }
            },
            "DependsOn": [
              "GetAuthURLLogGroup"
            ]
          },
          "GetAccessTokenLambdaFunction": "<REDACTED>",
          "GetCalendarEventsLambdaFunction": {
            "Type": "AWS::Lambda::Function",
            "Properties": {
              "Code": {
                "S3Bucket": "serverless-framework-deployments-eu-central-1-e074c2a8-4128",
                "S3Key": "serverless/auth-server/dev/1747150566680-2025-05-13T15:36:06.680Z/auth-server.zip"
              },
              "Handler": "handler.getCalendarEvents",
              "Runtime": "nodejs18.x",
              "FunctionName": "auth-server-dev-getCalendarEvents",
              "MemorySize": 1024,
              "Timeout": 30,
              "Environment": {
                "Variables": {
                  "CLIENT_ID": "389749160256-fhk5uhqigmgj3s5fss0jc4mc4vqkle3n.apps.googleusercontent.com",
                  "CLIENT_SECRET": "<REDACTED>",
                  "CALENDAR_ID": "fullstackwebdev@careerfoundry.com"
                }
              },
              "Role": {
                "Fn::GetAtt": [
                  "IamRoleLambdaExecution",
                  "Arn"
                ]
              }
            },
            "DependsOn": [
              "GetCalendarEventsLogGroup"
            ]
          },
          "GetAuthURLLambdaVersionKCk0KlxZiAxtt7164tZEzTzMRM0r6qEsPMw1Cw2nM": {
            "Type": "AWS::Lambda::Version",
            "DeletionPolicy": "Retain",
            "Properties": {
              "FunctionName": {
                "Ref": "GetAuthURLLambdaFunction"
              },
              "CodeSha256": "gp5QWp+EfBybjRB62QHpkGab5G3pahL49NdLH9DUKc8="
            }
          },
          "GetAccessTokenLambdaVersionSvBR56sdiDTxLg8CrVYatLJw8g3MXT8IjiWUxZjQyFA": "<REDACTED>",
          "GetCalendarEventsLambdaVersionRHRegOED7FfMSjRzdP7QGlBdK9BCb3kc7tDjl3lZjs": {
            "Type": "AWS::Lambda::Version",
            "DeletionPolicy": "Retain",
            "Properties": {
              "FunctionName": {
                "Ref": "GetCalendarEventsLambdaFunction"
              },
              "CodeSha256": "gp5QWp+EfBybjRB62QHpkGab5G3pahL49NdLH9DUKc8="
            }
          },
          "ApiGatewayRestApi": {
            "Type": "AWS::ApiGateway::RestApi",
            "Properties": {
              "Name": "dev-auth-server",
              "EndpointConfiguration": {
                "Types": [
                  "EDGE"
                ]
              },
              "Policy": ""
            }
          },
          "ApiGatewayResourceApi": {
            "Type": "AWS::ApiGateway::Resource",
            "Properties": {
              "ParentId": {
                "Fn::GetAtt": [
                  "ApiGatewayRestApi",
                  "RootResourceId"
                ]
              },
              "PathPart": "api",
              "RestApiId": {
                "Ref": "ApiGatewayRestApi"
              }
            }
          },
          "ApiGatewayResourceApiGetDashauthDashurl": {
            "Type": "AWS::ApiGateway::Resource",
            "Properties": {
              "ParentId": {
                "Ref": "ApiGatewayResourceApi"
              },
              "PathPart": "get-auth-url",
              "RestApiId": {
                "Ref": "ApiGatewayRestApi"
              }
            }
          },
          "ApiGatewayResourceApiToken": "<REDACTED>",
          "ApiGatewayResourceApiTokenCodeVar": "<REDACTED>",
          "ApiGatewayResourceApiGetDashevents": {
            "Type": "AWS::ApiGateway::Resource",
            "Properties": {
              "ParentId": {
                "Ref": "ApiGatewayResourceApi"
              },
              "PathPart": "get-events",
              "RestApiId": {
                "Ref": "ApiGatewayRestApi"
              }
            }
          },
          "ApiGatewayResourceApiGetDasheventsAccesstokenVar": "<REDACTED>",
          "ApiGatewayMethodApiGetDashauthDashurlGet": {
            "Type": "AWS::ApiGateway::Method",
            "Properties": {
              "HttpMethod": "GET",
              "RequestParameters": {},
              "ResourceId": {
                "Ref": "ApiGatewayResourceApiGetDashauthDashurl"
              },
              "RestApiId": {
                "Ref": "ApiGatewayRestApi"
              },
              "ApiKeyRequired": "<REDACTED>",
              "AuthorizationType": "NONE",
              "Integration": {
                "IntegrationHttpMethod": "POST",
                "Type": "AWS_PROXY",
                "Uri": {
                  "Fn::Join": [
                    "",
                    [
                      "arn:",
                      {
                        "Ref": "AWS::Partition"
                      },
                      ":apigateway:",
                      {
                        "Ref": "AWS::Region"
                      },
                      ":lambda:path/2015-03-31/functions/",
                      {
                        "Fn::GetAtt": [
                          "GetAuthURLLambdaFunction",
                          "Arn"
                        ]
                      },
                      "/invocations"
                    ]
                  ]
                }
              },
              "MethodResponses": []
            },
            "DependsOn": [
              "GetAuthURLLambdaPermissionApiGateway"
            ]
          },
          "ApiGatewayMethodApiTokenCodeVarGet": "<REDACTED>",
          "ApiGatewayMethodApiGetDasheventsAccesstokenVarGet": "<REDACTED>",
          "ApiGatewayDeployment1747150557249": {
            "Type": "AWS::ApiGateway::Deployment",
            "Properties": {
              "RestApiId": {
                "Ref": "ApiGatewayRestApi"
              },
              "StageName": "dev"
            },
            "DependsOn": [
              "ApiGatewayMethodApiGetDashauthDashurlGet",
              "ApiGatewayMethodApiTokenCodeVarGet",
              "ApiGatewayMethodApiGetDasheventsAccesstokenVarGet"
            ]
          },
          "GetAuthURLLambdaPermissionApiGateway": {
            "Type": "AWS::Lambda::Permission",
            "Properties": {
              "FunctionName": {
                "Fn::GetAtt": [
                  "GetAuthURLLambdaFunction",
                  "Arn"
                ]
              },
              "Action": "lambda:InvokeFunction",
              "Principal": "apigateway.amazonaws.com",
              "SourceArn": {
                "Fn::Join": [
                  "",
                  [
                    "arn:",
                    {
                      "Ref": "AWS::Partition"
                    },
                    ":execute-api:",
                    {
                      "Ref": "AWS::Region"
                    },
                    ":",
                    {
                      "Ref": "AWS::AccountId"
                    },
                    ":",
                    {
                      "Ref": "ApiGatewayRestApi"
                    },
                    "/*/*"
                  ]
                ]
              }
            }
          },
          "GetAccessTokenLambdaPermissionApiGateway": "<REDACTED>",
          "GetCalendarEventsLambdaPermissionApiGateway": {
            "Type": "AWS::Lambda::Permission",
            "Properties": {
              "FunctionName": {
                "Fn::GetAtt": [
                  "GetCalendarEventsLambdaFunction",
                  "Arn"
                ]
              },
              "Action": "lambda:InvokeFunction",
              "Principal": "apigateway.amazonaws.com",
              "SourceArn": {
                "Fn::Join": [
                  "",
                  [
                    "arn:",
                    {
                      "Ref": "AWS::Partition"
                    },
                    ":execute-api:",
                    {
                      "Ref": "AWS::Region"
                    },
                    ":",
                    {
                      "Ref": "AWS::AccountId"
                    },
                    ":",
                    {
                      "Ref": "ApiGatewayRestApi"
                    },
                    "/*/*"
                  ]
                ]
              }
            }
          }
        },
        "Outputs": {
          "ServerlessDeploymentBucketName": {
            "Value": "serverless-framework-deployments-eu-central-1-e074c2a8-4128",
            "Export": {
              "Name": "sls-auth-server-dev-ServerlessDeploymentBucketName"
            }
          },
          "GetAuthURLLambdaFunctionQualifiedArn": {
            "Description": "Current Lambda function version",
            "Value": {
              "Ref": "GetAuthURLLambdaVersionKCk0KlxZiAxtt7164tZEzTzMRM0r6qEsPMw1Cw2nM"
            },
            "Export": {
              "Name": "sls-auth-server-dev-GetAuthURLLambdaFunctionQualifiedArn"
            }
          },
          "GetAccessTokenLambdaFunctionQualifiedArn": "<REDACTED>",
          "GetCalendarEventsLambdaFunctionQualifiedArn": {
            "Description": "Current Lambda function version",
            "Value": {
              "Ref": "GetCalendarEventsLambdaVersionRHRegOED7FfMSjRzdP7QGlBdK9BCb3kc7tDjl3lZjs"
            },
            "Export": {
              "Name": "sls-auth-server-dev-GetCalendarEventsLambdaFunctionQualifiedArn"
            }
          },
          "ServiceEndpoint": {
            "Description": "URL of the service endpoint",
            "Value": {
              "Fn::Join": [
                "",
                [
                  "https://",
                  {
                    "Ref": "ApiGatewayRestApi"
                  },
                  ".execute-api.",
                  {
                    "Ref": "AWS::Region"
                  },
                  ".",
                  {
                    "Ref": "AWS::URLSuffix"
                  },
                  "/dev"
                ]
              ]
            },
            "Export": {
              "Name": "sls-auth-server-dev-ServiceEndpoint"
            }
          }
        }
      },
      "vpc": {}
    },
    "dashboard": {
      "isEnabledForService": false,
      "requiredAuthentication": false,
      "orgFeaturesInUse": null,
      "orgObservabilityIntegrations": null,
      "serviceAppId": null,
      "serviceProvider": null,
      "instanceParameters": null
    },
    "serviceRawFile": "service: auth-server\r\n\r\nprovider:\r\n  name: aws\r\n  runtime: nodejs18.x\r\n  region: eu-central-1\r\n  timeout: 30\r\n  environment:\r\n    CLIENT_ID: ${file(config.json):CLIENT_ID}\r\n    CLIENT_SECRET: ${file(config.json):CLIENT_SECRET}\r\n    CALENDAR_ID: ${file(config.json):CALENDAR_ID}\r\nfunctions:\r\n  getAuthURL:\r\n    handler: handler.getAuthURL\r\n    events:\r\n      - http:\r\n          path: api/get-auth-url\r\n          method: get\r\n  getAccessToken:\r\n    handler: handler.getAccessToken\r\n    events:\r\n      - http:\r\n          path: api/token/{code}\r\n          method: get\r\n  getCalendarEvents:\r\n    handler: handler.getCalendarEvents\r\n    events:\r\n      - http:\r\n          path: api/get-events/{access_token}\r\n          method: get",
    "command": [
      "deploy"
    ],
    "options": {},
    "orgId": "4e25c3a6-b5f3-4f80-b90c-59c7e3945e55",
    "orgName": "axelg",
    "userId": "g3RqNpdVR8YQCLxgfW",
    "userName": "axelg",
    "serviceProviderAwsAccountId": "599942835789",
    "serviceProviderAwsCfStackName": "auth-server-dev",
    "serviceProviderAwsCfStackId": "arn:aws:cloudformation:eu-central-1:599942835789:stack/auth-server-dev/bbb5d0f0-3005-11f0-bbf2-0601c0d82731",
    "serviceProviderAwsCfStackCreated": "2025-05-13T14:22:43.465Z",
    "serviceProviderAwsCfStackUpdated": "2025-05-13T15:21:09.477Z",
    "serviceProviderAwsCfStackStatus": "UPDATE_COMPLETE",
    "serviceProviderAwsCfStackOutputs": [
      {
        "OutputKey": "GetAccessTokenLambdaFunctionQualifiedArn",
        "OutputValue": "arn:aws:lambda:eu-central-1:599942835789:function:auth-server-dev-getAccessToken:2",
        "Description": "Current Lambda function version",
        "ExportName": "sls-auth-server-dev-GetAccessTokenLambdaFunctionQualifiedArn"
      },
      {
        "OutputKey": "GetAuthURLLambdaFunctionQualifiedArn",
        "OutputValue": "arn:aws:lambda:eu-central-1:599942835789:function:auth-server-dev-getAuthURL:3",
        "Description": "Current Lambda function version",
        "ExportName": "sls-auth-server-dev-GetAuthURLLambdaFunctionQualifiedArn"
      },
      {
        "OutputKey": "GetCalendarEventsLambdaFunctionQualifiedArn",
        "OutputValue": "arn:aws:lambda:eu-central-1:599942835789:function:auth-server-dev-getCalendarEvents:1",
        "Description": "Current Lambda function version",
        "ExportName": "sls-auth-server-dev-GetCalendarEventsLambdaFunctionQualifiedArn"
      },
      {
        "OutputKey": "ServiceEndpoint",
        "OutputValue": "https://ufqisvsh16.execute-api.eu-central-1.amazonaws.com/dev",
        "Description": "URL of the service endpoint",
        "ExportName": "sls-auth-server-dev-ServiceEndpoint"
      },
      {
        "OutputKey": "ServerlessDeploymentBucketName",
        "OutputValue": "serverless-framework-deployments-eu-central-1-e074c2a8-4128",
        "ExportName": "sls-auth-server-dev-ServerlessDeploymentBucketName"
      }
    ],
    "compiledCloudFormationTemplate": {
      "AWSTemplateFormatVersion": "2010-09-09",
      "Description": "The AWS CloudFormation template for this Serverless application",
      "Resources": {
        "GetAuthURLLogGroup": {
          "Type": "AWS::Logs::LogGroup",
          "Properties": {
            "LogGroupName": "/aws/lambda/auth-server-dev-getAuthURL"
          }
        },
        "GetAccessTokenLogGroup": "<REDACTED>",
        "GetCalendarEventsLogGroup": {
          "Type": "AWS::Logs::LogGroup",
          "Properties": {
            "LogGroupName": "/aws/lambda/auth-server-dev-getCalendarEvents"
          }
        },
        "IamRoleLambdaExecution": {
          "Type": "AWS::IAM::Role",
          "Properties": {
            "AssumeRolePolicyDocument": {
              "Version": "2012-10-17",
              "Statement": [
                {
                  "Effect": "Allow",
                  "Principal": {
                    "Service": [
                      "lambda.amazonaws.com"
                    ]
                  },
                  "Action": [
                    "sts:AssumeRole"
                  ]
                }
              ]
            },
            "Policies": [
              {
                "PolicyName": {
                  "Fn::Join": [
                    "-",
                    [
                      "auth-server",
                      "dev",
                      "lambda"
                    ]
                  ]
                },
                "PolicyDocument": {
                  "Version": "2012-10-17",
                  "Statement": [
                    {
                      "Effect": "Allow",
                      "Action": [
                        "logs:CreateLogStream",
                        "logs:CreateLogGroup",
                        "logs:TagResource"
                      ],
                      "Resource": [
                        {
                          "Fn::Sub": "arn:${AWS::Partition}:logs:${AWS::Region}:${AWS::AccountId}:log-group:/aws/lambda/auth-server-dev*:*"
                        }
                      ]
                    },
                    {
                      "Effect": "Allow",
                      "Action": [
                        "logs:PutLogEvents"
                      ],
                      "Resource": [
                        {
                          "Fn::Sub": "arn:${AWS::Partition}:logs:${AWS::Region}:${AWS::AccountId}:log-group:/aws/lambda/auth-server-dev*:*:*"
                        }
                      ]
                    }
                  ]
                }
              }
            ],
            "Path": "/",
            "RoleName": {
              "Fn::Join": [
                "-",
                [
                  "auth-server",
                  "dev",
                  {
                    "Ref": "AWS::Region"
                  },
                  "lambdaRole"
                ]
              ]
            }
          }
        },
        "GetAuthURLLambdaFunction": {
          "Type": "AWS::Lambda::Function",
          "Properties": {
            "Code": {
              "S3Bucket": "serverless-framework-deployments-eu-central-1-e074c2a8-4128",
              "S3Key": "serverless/auth-server/dev/1747150566680-2025-05-13T15:36:06.680Z/auth-server.zip"
            },
            "Handler": "handler.getAuthURL",
            "Runtime": "nodejs18.x",
            "FunctionName": "auth-server-dev-getAuthURL",
            "MemorySize": 1024,
            "Timeout": 30,
            "Environment": {
              "Variables": {
                "CLIENT_ID": "389749160256-fhk5uhqigmgj3s5fss0jc4mc4vqkle3n.apps.googleusercontent.com",
                "CLIENT_SECRET": "<REDACTED>",
                "CALENDAR_ID": "fullstackwebdev@careerfoundry.com"
              }
            },
            "Role": {
              "Fn::GetAtt": [
                "IamRoleLambdaExecution",
                "Arn"
              ]
            }
          },
          "DependsOn": [
            "GetAuthURLLogGroup"
          ]
        },
        "GetAccessTokenLambdaFunction": "<REDACTED>",
        "GetCalendarEventsLambdaFunction": {
          "Type": "AWS::Lambda::Function",
          "Properties": {
            "Code": {
              "S3Bucket": "serverless-framework-deployments-eu-central-1-e074c2a8-4128",
              "S3Key": "serverless/auth-server/dev/1747150566680-2025-05-13T15:36:06.680Z/auth-server.zip"
            },
            "Handler": "handler.getCalendarEvents",
            "Runtime": "nodejs18.x",
            "FunctionName": "auth-server-dev-getCalendarEvents",
            "MemorySize": 1024,
            "Timeout": 30,
            "Environment": {
              "Variables": {
                "CLIENT_ID": "389749160256-fhk5uhqigmgj3s5fss0jc4mc4vqkle3n.apps.googleusercontent.com",
                "CLIENT_SECRET": "<REDACTED>",
                "CALENDAR_ID": "fullstackwebdev@careerfoundry.com"
              }
            },
            "Role": {
              "Fn::GetAtt": [
                "IamRoleLambdaExecution",
                "Arn"
              ]
            }
          },
          "DependsOn": [
            "GetCalendarEventsLogGroup"
          ]
        },
        "GetAuthURLLambdaVersionKCk0KlxZiAxtt7164tZEzTzMRM0r6qEsPMw1Cw2nM": {
          "Type": "AWS::Lambda::Version",
          "DeletionPolicy": "Retain",
          "Properties": {
            "FunctionName": {
              "Ref": "GetAuthURLLambdaFunction"
            },
            "CodeSha256": "gp5QWp+EfBybjRB62QHpkGab5G3pahL49NdLH9DUKc8="
          }
        },
        "GetAccessTokenLambdaVersionSvBR56sdiDTxLg8CrVYatLJw8g3MXT8IjiWUxZjQyFA": "<REDACTED>",
        "GetCalendarEventsLambdaVersionRHRegOED7FfMSjRzdP7QGlBdK9BCb3kc7tDjl3lZjs": {
          "Type": "AWS::Lambda::Version",
          "DeletionPolicy": "Retain",
          "Properties": {
            "FunctionName": {
              "Ref": "GetCalendarEventsLambdaFunction"
            },
            "CodeSha256": "gp5QWp+EfBybjRB62QHpkGab5G3pahL49NdLH9DUKc8="
          }
        },
        "ApiGatewayRestApi": {
          "Type": "AWS::ApiGateway::RestApi",
          "Properties": {
            "Name": "dev-auth-server",
            "EndpointConfiguration": {
              "Types": [
                "EDGE"
              ]
            },
            "Policy": ""
          }
        },
        "ApiGatewayResourceApi": {
          "Type": "AWS::ApiGateway::Resource",
          "Properties": {
            "ParentId": {
              "Fn::GetAtt": [
                "ApiGatewayRestApi",
                "RootResourceId"
              ]
            },
            "PathPart": "api",
            "RestApiId": {
              "Ref": "ApiGatewayRestApi"
            }
          }
        },
        "ApiGatewayResourceApiGetDashauthDashurl": {
          "Type": "AWS::ApiGateway::Resource",
          "Properties": {
            "ParentId": {
              "Ref": "ApiGatewayResourceApi"
            },
            "PathPart": "get-auth-url",
            "RestApiId": {
              "Ref": "ApiGatewayRestApi"
            }
          }
        },
        "ApiGatewayResourceApiToken": "<REDACTED>",
        "ApiGatewayResourceApiTokenCodeVar": "<REDACTED>",
        "ApiGatewayResourceApiGetDashevents": {
          "Type": "AWS::ApiGateway::Resource",
          "Properties": {
            "ParentId": {
              "Ref": "ApiGatewayResourceApi"
            },
            "PathPart": "get-events",
            "RestApiId": {
              "Ref": "ApiGatewayRestApi"
            }
          }
        },
        "ApiGatewayResourceApiGetDasheventsAccesstokenVar": "<REDACTED>",
        "ApiGatewayMethodApiGetDashauthDashurlGet": {
          "Type": "AWS::ApiGateway::Method",
          "Properties": {
            "HttpMethod": "GET",
            "RequestParameters": {},
            "ResourceId": {
              "Ref": "ApiGatewayResourceApiGetDashauthDashurl"
            },
            "RestApiId": {
              "Ref": "ApiGatewayRestApi"
            },
            "ApiKeyRequired": "<REDACTED>",
            "AuthorizationType": "NONE",
            "Integration": {
              "IntegrationHttpMethod": "POST",
              "Type": "AWS_PROXY",
              "Uri": {
                "Fn::Join": [
                  "",
                  [
                    "arn:",
                    {
                      "Ref": "AWS::Partition"
                    },
                    ":apigateway:",
                    {
                      "Ref": "AWS::Region"
                    },
                    ":lambda:path/2015-03-31/functions/",
                    {
                      "Fn::GetAtt": [
                        "GetAuthURLLambdaFunction",
                        "Arn"
                      ]
                    },
                    "/invocations"
                  ]
                ]
              }
            },
            "MethodResponses": []
          },
          "DependsOn": [
            "GetAuthURLLambdaPermissionApiGateway"
          ]
        },
        "ApiGatewayMethodApiTokenCodeVarGet": "<REDACTED>",
        "ApiGatewayMethodApiGetDasheventsAccesstokenVarGet": "<REDACTED>",
        "ApiGatewayDeployment1747150557249": {
          "Type": "AWS::ApiGateway::Deployment",
          "Properties": {
            "RestApiId": {
              "Ref": "ApiGatewayRestApi"
            },
            "StageName": "dev"
          },
          "DependsOn": [
            "ApiGatewayMethodApiGetDashauthDashurlGet",
            "ApiGatewayMethodApiTokenCodeVarGet",
            "ApiGatewayMethodApiGetDasheventsAccesstokenVarGet"
          ]
        },
        "GetAuthURLLambdaPermissionApiGateway": {
          "Type": "AWS::Lambda::Permission",
          "Properties": {
            "FunctionName": {
              "Fn::GetAtt": [
                "GetAuthURLLambdaFunction",
                "Arn"
              ]
            },
            "Action": "lambda:InvokeFunction",
            "Principal": "apigateway.amazonaws.com",
            "SourceArn": {
              "Fn::Join": [
                "",
                [
                  "arn:",
                  {
                    "Ref": "AWS::Partition"
                  },
                  ":execute-api:",
                  {
                    "Ref": "AWS::Region"
                  },
                  ":",
                  {
                    "Ref": "AWS::AccountId"
                  },
                  ":",
                  {
                    "Ref": "ApiGatewayRestApi"
                  },
                  "/*/*"
                ]
              ]
            }
          }
        },
        "GetAccessTokenLambdaPermissionApiGateway": "<REDACTED>",
        "GetCalendarEventsLambdaPermissionApiGateway": {
          "Type": "AWS::Lambda::Permission",
          "Properties": {
            "FunctionName": {
              "Fn::GetAtt": [
                "GetCalendarEventsLambdaFunction",
                "Arn"
              ]
            },
            "Action": "lambda:InvokeFunction",
            "Principal": "apigateway.amazonaws.com",
            "SourceArn": {
              "Fn::Join": [
                "",
                [
                  "arn:",
                  {
                    "Ref": "AWS::Partition"
                  },
                  ":execute-api:",
                  {
                    "Ref": "AWS::Region"
                  },
                  ":",
                  {
                    "Ref": "AWS::AccountId"
                  },
                  ":",
                  {
                    "Ref": "ApiGatewayRestApi"
                  },
                  "/*/*"
                ]
              ]
            }
          }
        }
      },
      "Outputs": {
        "ServerlessDeploymentBucketName": {
          "Value": "serverless-framework-deployments-eu-central-1-e074c2a8-4128",
          "Export": {
            "Name": "sls-auth-server-dev-ServerlessDeploymentBucketName"
          }
        },
        "GetAuthURLLambdaFunctionQualifiedArn": {
          "Description": "Current Lambda function version",
          "Value": {
            "Ref": "GetAuthURLLambdaVersionKCk0KlxZiAxtt7164tZEzTzMRM0r6qEsPMw1Cw2nM"
          },
          "Export": {
            "Name": "sls-auth-server-dev-GetAuthURLLambdaFunctionQualifiedArn"
          }
        },
        "GetAccessTokenLambdaFunctionQualifiedArn": "<REDACTED>",
        "GetCalendarEventsLambdaFunctionQualifiedArn": {
          "Description": "Current Lambda function version",
          "Value": {
            "Ref": "GetCalendarEventsLambdaVersionRHRegOED7FfMSjRzdP7QGlBdK9BCb3kc7tDjl3lZjs"
          },
          "Export": {
            "Name": "sls-auth-server-dev-GetCalendarEventsLambdaFunctionQualifiedArn"
          }
        },
        "ServiceEndpoint": {
          "Description": "URL of the service endpoint",
          "Value": {
            "Fn::Join": [
              "",
              [
                "https://",
                {
                  "Ref": "ApiGatewayRestApi"
                },
                ".execute-api.",
                {
                  "Ref": "AWS::Region"
                },
                ".",
                {
                  "Ref": "AWS::URLSuffix"
                },
                "/dev"
              ]
            ]
          },
          "Export": {
            "Name": "sls-auth-server-dev-ServiceEndpoint"
          }
        }
      }
    }
  }
}